_id,userId,sentenceId,fileName,gender
60e2d7ed552fd6002e30b8fc,FzlNJ/+dBGudrigpiH+9U9MlEqeHvOslfj66OxVrv4g=,4608,96b10244-694c-460e-bc1a-e60210c94844,male
60e2d811552fd6002e30b8fd,L5WMnUqwFRlZUFg48A4DRu9dYwP9srB5s2cqsA/rDZg=,7367,dd42d217-11b5-4107-b8c5-8c60939db63c,male
60e2d958552fd6002e30b8fe,zcRQLjrvRyhg0PDjjhxlGJ1PoM7deRWnvlx08Ja1Wl4=,8460,95ccf7f4-b198-4623-bcf8-45deb7f914e7,male
60e2d964552fd6002e30b901,4UO9IETvAMYKoPU5GhL4DRjqb5rNgF1FpAKkyXQ9v/c=,3595,744f492e-8e7f-4a1e-a13e-d65a0f0716c4,male
60e2d979552fd6002e30b902,4UO9IETvAMYKoPU5GhL4DRjqb5rNgF1FpAKkyXQ9v/c=,1056,fcba2c6c-2ef1-48c6-974f-9bb07ab03309,male
60e2d98b552fd6002e30b903,4UO9IETvAMYKoPU5GhL4DRjqb5rNgF1FpAKkyXQ9v/c=,1277,1ad1149b-be62-4099-8356-0e7c5f892374,male
60e2d996552fd6002e30b904,4UO9IETvAMYKoPU5GhL4DRjqb5rNgF1FpAKkyXQ9v/c=,1304,5c9d50b7-c827-4120-a8a5-edd0f841b282,male
60e2d9a4552fd6002e30b905,4UO9IETvAMYKoPU5GhL4DRjqb5rNgF1FpAKkyXQ9v/c=,2677,cde1ba39-bb6e-41d9-9a6e-e7693319152d,male
60e2d9c6552fd6002e30b906,4UO9IETvAMYKoPU5GhL4DRjqb5rNgF1FpAKkyXQ9v/c=,586,d2ee1b5c-f625-4eda-a902-b2ee4f8d8d27,male
60e2d9de552fd6002e30b907,0RaRLhq3Za5Ab8McTpdIOFxAtLkyFAhX1a1UV1H2iSM=,8172,df07b41e-b03e-42ec-9a1d-2bf7ec1e2a09,male
60e2d9e1552fd6002e30b908,4UO9IETvAMYKoPU5GhL4DRjqb5rNgF1FpAKkyXQ9v/c=,5076,a3ef5362-a8c3-4084-a2cd-fe867fa3abe2,male
60e2d9e8552fd6002e30b909,AQlXVIDu9XA6enGLCiXEEjRXZf4VgjHamilk51AKES8=,8016,869246fc-189e-47e2-aae7-ff9e8eafef19,male
60e2d9f5552fd6002e30b90a,4UO9IETvAMYKoPU5GhL4DRjqb5rNgF1FpAKkyXQ9v/c=,7115,e0703ab4-cfcb-449c-a32f-3129d80a0c71,male
60e2d9ff552fd6002e30b90b,4UO9IETvAMYKoPU5GhL4DRjqb5rNgF1FpAKkyXQ9v/c=,8744,59f32b19-c0c3-4b09-b4ca-d676ce737758,male
60e2da1a552fd6002e30b90c,0RaRLhq3Za5Ab8McTpdIOFxAtLkyFAhX1a1UV1H2iSM=,9209,d2acb19a-1843-4acd-8bb3-46a451f95cf9,male
60e2da21552fd6002e30b90d,AQlXVIDu9XA6enGLCiXEEjRXZf4VgjHamilk51AKES8=,7698,f37210c8-6a42-4a0f-a352-f610a9bdfe7c,male
60e2da3b552fd6002e30b90e,AQlXVIDu9XA6enGLCiXEEjRXZf4VgjHamilk51AKES8=,7046,9904214d-d638-428d-a9fc-419d970d12c8,male
60e2da45552fd6002e30b90f,0RaRLhq3Za5Ab8McTpdIOFxAtLkyFAhX1a1UV1H2iSM=,9329,bb841095-2fc7-46e3-a2e8-a7a8e20aa63b,male
60e2da72552fd6002e30b910,0RaRLhq3Za5Ab8McTpdIOFxAtLkyFAhX1a1UV1H2iSM=,902,30c8aa96-bdbd-4901-b0e5-28649bdd1cd9,male
60e2da9f552fd6002e30b911,0RaRLhq3Za5Ab8McTpdIOFxAtLkyFAhX1a1UV1H2iSM=,6164,fd999e7e-a976-4328-85d8-82927bcdc962,male
60e2daee552fd6002e30b912,0RaRLhq3Za5Ab8McTpdIOFxAtLkyFAhX1a1UV1H2iSM=,9594,f6a70e30-224a-480f-9455-270b43d39044,male
60e2dafd552fd6002e30b913,AQlXVIDu9XA6enGLCiXEEjRXZf4VgjHamilk51AKES8=,2235,10039706-f146-4791-a23b-63c966dbf8ba,male
60e2db1f552fd6002e30b914,0RaRLhq3Za5Ab8McTpdIOFxAtLkyFAhX1a1UV1H2iSM=,2659,974085c1-f0db-4ff9-b427-c81e071e5927,male
60e2db41552fd6002e30b915,0RaRLhq3Za5Ab8McTpdIOFxAtLkyFAhX1a1UV1H2iSM=,5751,c3c20724-179a-43c5-9590-337089c95627,male
60e2db61552fd6002e30b916,AQlXVIDu9XA6enGLCiXEEjRXZf4VgjHamilk51AKES8=,7766,fe670945-2099-4493-8ae2-b1a216e9fb13,male
60e2db82552fd6002e30b917,0RaRLhq3Za5Ab8McTpdIOFxAtLkyFAhX1a1UV1H2iSM=,9286,3ed77dcb-3223-422d-b2c1-1515b70aebf9,male
60e2dba2552fd6002e30b918,AQlXVIDu9XA6enGLCiXEEjRXZf4VgjHamilk51AKES8=,3742,bb5babae-1656-4179-a0be-e93406e72f67,male
60e2dbb0552fd6002e30b919,0RaRLhq3Za5Ab8McTpdIOFxAtLkyFAhX1a1UV1H2iSM=,7530,d5478c6c-31d5-4335-ae22-fe1a413849d9,male
60e2dbd1552fd6002e30b91a,0RaRLhq3Za5Ab8McTpdIOFxAtLkyFAhX1a1UV1H2iSM=,7543,9148b951-dc19-4fa2-a455-cf07d5f84627,male
60e2dbf0552fd6002e30b91b,2kgImNpSTkAyIQN0ubTv8Z/Jt5ylh81Zfg+7EyQFbPE=,8170,f3f8868f-45ee-48ac-a281-8afe12aa45e9,female
60e2dc1c552fd6002e30b91d,AQlXVIDu9XA6enGLCiXEEjRXZf4VgjHamilk51AKES8=,5102,3bc20455-5682-4c43-91c0-12bbf9713ca4,male
60e2dc2d552fd6002e30b91e,0RaRLhq3Za5Ab8McTpdIOFxAtLkyFAhX1a1UV1H2iSM=,7333,8a73013b-ab57-4eee-83e1-62870bfb5c7e,male
60e2dc2f552fd6002e30b91f,AQlXVIDu9XA6enGLCiXEEjRXZf4VgjHamilk51AKES8=,1299,e1b880ce-615c-426e-a20e-3448bc028a4f,male
60e2dcc0552fd6002e30b920,AQlXVIDu9XA6enGLCiXEEjRXZf4VgjHamilk51AKES8=,146,07fe0237-b57f-4031-a42b-4b6412266e68,male
60e2dcc4552fd6002e30b921,1WClPANKcTIx6/Pmcb2c8pY3wsCXCf6+Lo+WmAuW7AU=,978,9d261876-c8b0-428d-89e5-a42fedac3308,male
60e2dcf2552fd6002e30b922,AQlXVIDu9XA6enGLCiXEEjRXZf4VgjHamilk51AKES8=,552,5b215469-3f94-4744-a883-dec5b45826fe,male
60e2dd1c552fd6002e30b923,c8orTdLrE5DpTf6qzxT9ulm5XHGyrrg7TziPZ/PISGU=,6404,193ec6ec-745e-4fea-bf6b-6d3b04bc4f2c,male
60e2dd85552fd6002e30b926,AQlXVIDu9XA6enGLCiXEEjRXZf4VgjHamilk51AKES8=,6163,966ca297-8d06-4931-a74a-02b3836d61d0,male
60e2dd99552fd6002e30b927,ouJfCT0RhXYb937vCKrRNaDvHkp6D8by3njNASaG/X8=,9155,5bbab555-0cc7-4109-b690-95504c946cec,male
60e2ddb7552fd6002e30b928,7oZbiReaQ4+iT7qAv2dmtWYJztp3dA6+AYfRtXEWFd4=,6664,cd63b131-19c7-4492-bd85-1ff0579cfad1,male
60e2de07552fd6002e30b92a,AQlXVIDu9XA6enGLCiXEEjRXZf4VgjHamilk51AKES8=,4486,ea205e36-78e2-4489-9f6f-97fe34c4b67d,male
60e2de31552fd6002e30b92b,AQlXVIDu9XA6enGLCiXEEjRXZf4VgjHamilk51AKES8=,5197,1a27b057-b9e4-425b-9663-81aeb48a2d46,male
60e2de7e552fd6002e30b92c,AQlXVIDu9XA6enGLCiXEEjRXZf4VgjHamilk51AKES8=,4119,9275afc9-7252-44dd-87c6-7d66f20df7de,male
60e2de81552fd6002e30b92d,60Z4sR4Zu/6FMv8EwWwogWsb7/3Qb5Y+YJ+Y2qK6Edw=,5017,0d9c9e96-65b6-42f3-83a2-6184788bd301,male
60e2dea4552fd6002e30b92e,60Z4sR4Zu/6FMv8EwWwogWsb7/3Qb5Y+YJ+Y2qK6Edw=,93,e026ddd7-64c2-4ef7-8181-0992a0b3b9c9,male
60e2dea8552fd6002e30b92f,DY1RgmUJYZ82SppqhjTQn2GQlthfP71ewGgO4HWSvn0=,2093,b4a34827-e61d-40a6-bc63-b700fed15736,female
60e2dec1552fd6002e30b930,60Z4sR4Zu/6FMv8EwWwogWsb7/3Qb5Y+YJ+Y2qK6Edw=,6096,f33903a4-30c4-43e9-85ec-732ba4866a92,male
60e2ded5552fd6002e30b932,DY1RgmUJYZ82SppqhjTQn2GQlthfP71ewGgO4HWSvn0=,1715,eff86b86-3ea0-4654-8b5e-828b9ca08047,female
60e2dedb552fd6002e30b935,60Z4sR4Zu/6FMv8EwWwogWsb7/3Qb5Y+YJ+Y2qK6Edw=,6467,d61b1bc6-07a6-43b2-93ff-38e65022365a,male
60e2def4552fd6002e30b936,AQlXVIDu9XA6enGLCiXEEjRXZf4VgjHamilk51AKES8=,26,68db0a71-0b49-49b9-b288-4e489a449559,male
60e2defb552fd6002e30b937,60Z4sR4Zu/6FMv8EwWwogWsb7/3Qb5Y+YJ+Y2qK6Edw=,7842,b0000510-3b77-4772-8fe1-079187413efa,male
60e2df0b552fd6002e30b938,DY1RgmUJYZ82SppqhjTQn2GQlthfP71ewGgO4HWSvn0=,6618,ec610f2c-743a-4193-99ca-f6fbee300cd9,female
60e2df13552fd6002e30b939,60Z4sR4Zu/6FMv8EwWwogWsb7/3Qb5Y+YJ+Y2qK6Edw=,2814,34d16a0b-5a47-481c-a848-213549fb95e1,male
60e2df25552fd6002e30b93a,60Z4sR4Zu/6FMv8EwWwogWsb7/3Qb5Y+YJ+Y2qK6Edw=,5079,dd87c472-27c7-4558-9d47-1e22bc0e2c16,male
60e2df31552fd6002e30b93b,DY1RgmUJYZ82SppqhjTQn2GQlthfP71ewGgO4HWSvn0=,6081,c84697c0-7e88-4dfa-ac6d-95cd9b35bf40,female
60e2df55552fd6002e30b93c,60Z4sR4Zu/6FMv8EwWwogWsb7/3Qb5Y+YJ+Y2qK6Edw=,1812,204074b4-698c-40dc-a8d0-b4875626a813,male
60e2df6a552fd6002e30b93d,60Z4sR4Zu/6FMv8EwWwogWsb7/3Qb5Y+YJ+Y2qK6Edw=,3900,d20af729-75ea-486c-b6bd-3b021cfb5322,male
60e2df6d552fd6002e30b93e,DY1RgmUJYZ82SppqhjTQn2GQlthfP71ewGgO4HWSvn0=,6492,0f5c5262-1f86-4103-b7ae-771093120788,female
60e2df79552fd6002e30b93f,60Z4sR4Zu/6FMv8EwWwogWsb7/3Qb5Y+YJ+Y2qK6Edw=,8202,8fb9d79e-00fc-4e09-ac81-663c4278c722,male
60e2df92552fd6002e30b940,DY1RgmUJYZ82SppqhjTQn2GQlthfP71ewGgO4HWSvn0=,6573,53f76bfe-6686-4974-b04a-45a777a5d68e,female
60e2df9e552fd6002e30b941,xGQ9SP3WDr0xPtItEthPo47FbWsI2dVXuv+tUFd1e5g=,162,28d3d210-193e-4e02-abd9-cfccb568694a,male
60e2dfb8552fd6002e30b942,xGQ9SP3WDr0xPtItEthPo47FbWsI2dVXuv+tUFd1e5g=,1211,affdceef-6ca6-45be-9c27-0db8b32096a9,male
60e2dfcc552fd6002e30b943,xGQ9SP3WDr0xPtItEthPo47FbWsI2dVXuv+tUFd1e5g=,8579,c5d112e2-eaa1-4d79-980e-5a796df87e19,male
60e2dfd2552fd6002e30b944,DY1RgmUJYZ82SppqhjTQn2GQlthfP71ewGgO4HWSvn0=,8736,add9e511-4b6e-4048-b3c6-8f9d37799b93,female
60e2dfda552fd6002e30b945,60Z4sR4Zu/6FMv8EwWwogWsb7/3Qb5Y+YJ+Y2qK6Edw=,8156,4bb9f644-06e3-4385-8fe3-043cbdbd585f,male
60e2dfdb552fd6002e30b946,x3mhkeCukzEotDK9TdHYoz7mKmFD0sZNgdy60kt1y7E=,6991,9d539de8-d3a7-4ae0-85f7-fd1f0641e1f2,male
60e2dfef552fd6002e30b947,c4uo47Oiiakb/an1BihdFgH/M9oxGZSG8bZ99XyqM5s=,828,71a02537-602b-495f-95c3-0016da2732bd,male
60e2dff7552fd6002e30b948,xGQ9SP3WDr0xPtItEthPo47FbWsI2dVXuv+tUFd1e5g=,1977,f6167dbd-46e3-4a2e-988b-1a98a2b1a4bb,male
60e2e000552fd6002e30b949,c4uo47Oiiakb/an1BihdFgH/M9oxGZSG8bZ99XyqM5s=,9083,dc9fd117-3561-4dce-accb-725a257aaf68,male
60e2e002552fd6002e30b94a,x3mhkeCukzEotDK9TdHYoz7mKmFD0sZNgdy60kt1y7E=,5792,7c950a31-c0fa-4644-9894-69368b3b59c6,male
60e2e006552fd6002e30b94b,xGQ9SP3WDr0xPtItEthPo47FbWsI2dVXuv+tUFd1e5g=,3724,d1b52188-eef2-4eff-b1ed-2c175afbd2b0,male
60e2e00e552fd6002e30b94c,c4uo47Oiiakb/an1BihdFgH/M9oxGZSG8bZ99XyqM5s=,1007,610fc026-b20b-4aed-a1be-536579e77187,male
60e2e013552fd6002e30b94d,xGQ9SP3WDr0xPtItEthPo47FbWsI2dVXuv+tUFd1e5g=,3149,828d7343-a301-49cc-861e-57cb5dfed426,male
60e2e01d552fd6002e30b94e,c4uo47Oiiakb/an1BihdFgH/M9oxGZSG8bZ99XyqM5s=,2182,4ca27138-0972-410e-9991-5cb6bee064b2,male
60e2e020552fd6002e30b94f,xGQ9SP3WDr0xPtItEthPo47FbWsI2dVXuv+tUFd1e5g=,4104,c5f02097-0bca-4758-a889-5ed2b30d92a6,male
60e2e023552fd6002e30b950,DY1RgmUJYZ82SppqhjTQn2GQlthfP71ewGgO4HWSvn0=,3774,00678de1-0f90-4cca-9361-3ccef5351104,female
60e2e028552fd6002e30b951,xGQ9SP3WDr0xPtItEthPo47FbWsI2dVXuv+tUFd1e5g=,2792,72a902d3-95b9-4b88-8723-163112223a13,male
60e2e02b552fd6002e30b952,c4uo47Oiiakb/an1BihdFgH/M9oxGZSG8bZ99XyqM5s=,4541,8fce1209-faba-45df-99ca-a04d4ab6d65e,male
60e2e033552fd6002e30b953,xGQ9SP3WDr0xPtItEthPo47FbWsI2dVXuv+tUFd1e5g=,8975,bb4a3eab-8c23-4327-bfe5-9affa5041087,male
60e2e036552fd6002e30b954,c4uo47Oiiakb/an1BihdFgH/M9oxGZSG8bZ99XyqM5s=,201,9b989286-437d-4446-b3a1-a18bce807d5d,male
60e2e043552fd6002e30b955,xGQ9SP3WDr0xPtItEthPo47FbWsI2dVXuv+tUFd1e5g=,8526,8ab270dc-3b07-4031-88d8-e4114503a244,male
60e2e050552fd6002e30b956,DY1RgmUJYZ82SppqhjTQn2GQlthfP71ewGgO4HWSvn0=,8927,5b2036bb-ea02-4cf7-817d-facd05373cc9,female
60e2e070552fd6002e30b957,xGQ9SP3WDr0xPtItEthPo47FbWsI2dVXuv+tUFd1e5g=,2078,5ebb5e7f-98b0-4137-8dc1-6a8804fcb6f4,male
60e2e08a552fd6002e30b958,xGQ9SP3WDr0xPtItEthPo47FbWsI2dVXuv+tUFd1e5g=,8679,8fbf87a4-2f52-4cd7-9cff-17b2a8e4571e,male
60e2e097552fd6002e30b959,xGQ9SP3WDr0xPtItEthPo47FbWsI2dVXuv+tUFd1e5g=,1983,2a94151a-c742-43d4-83af-bd168c87c9d1,male
60e2e09d552fd6002e30b95a,x3mhkeCukzEotDK9TdHYoz7mKmFD0sZNgdy60kt1y7E=,556,ea6288f8-5dd2-413c-a9d1-126c753becda,male
60e2e0a2552fd6002e30b95b,xGQ9SP3WDr0xPtItEthPo47FbWsI2dVXuv+tUFd1e5g=,3578,e96a3c95-57c6-4dca-8e27-c9791e0d4bcc,male
60e2e0b2552fd6002e30b95c,xGQ9SP3WDr0xPtItEthPo47FbWsI2dVXuv+tUFd1e5g=,4254,8e514c8e-401e-4e7c-93a4-b185f8bc8309,male
60e2e0c2552fd6002e30b95d,xGQ9SP3WDr0xPtItEthPo47FbWsI2dVXuv+tUFd1e5g=,9836,c8d0607b-bb6a-4cc8-8ad5-fe3c5d1eae5b,male
60e2e0cc552fd6002e30b95e,x3mhkeCukzEotDK9TdHYoz7mKmFD0sZNgdy60kt1y7E=,1705,27cc906d-5024-4864-8ca0-c3ef8039dce9,male
60e2e0d1552fd6002e30b95f,xGQ9SP3WDr0xPtItEthPo47FbWsI2dVXuv+tUFd1e5g=,8033,54d7a325-2426-4965-b11f-ac2f5b8a8910,male
60e2e0da552fd6002e30b960,xGQ9SP3WDr0xPtItEthPo47FbWsI2dVXuv+tUFd1e5g=,5644,dfc0a7ac-a330-46ba-9f93-df2577955c7b,male
60e2e0e8552fd6002e30b961,xGQ9SP3WDr0xPtItEthPo47FbWsI2dVXuv+tUFd1e5g=,4971,9dbff45e-f227-4ece-aeaa-0db454a7640f,male
60e2e0f3552fd6002e30b962,xGQ9SP3WDr0xPtItEthPo47FbWsI2dVXuv+tUFd1e5g=,5399,3b6c6ac3-102d-4bf5-a766-613e936fd905,male
60e2e0f9552fd6002e30b963,x3mhkeCukzEotDK9TdHYoz7mKmFD0sZNgdy60kt1y7E=,6979,94c7fa96-25ea-4f89-aa27-241951518b69,male
60e2e100552fd6002e30b964,xGQ9SP3WDr0xPtItEthPo47FbWsI2dVXuv+tUFd1e5g=,9828,9ac5afb0-c4fc-40dc-b3e5-94d89d29fa69,male
60e2e103552fd6002e30b965,DY1RgmUJYZ82SppqhjTQn2GQlthfP71ewGgO4HWSvn0=,8355,9d58933a-af8e-4bc6-a6db-ce196ae97628,female
60e2e10b552fd6002e30b966,xGQ9SP3WDr0xPtItEthPo47FbWsI2dVXuv+tUFd1e5g=,1029,42dec3a5-bffe-49eb-834c-084dc3113e80,male
60e2e10e552fd6002e30b967,uPNhWe6iiUfedGWj88arsXDv7rOmAWD4CA1dC6sYN9I=,2742,a7f10c1c-32b7-4752-b79f-62e640a4b6c0,male
60e2e11e552fd6002e30b968,x3mhkeCukzEotDK9TdHYoz7mKmFD0sZNgdy60kt1y7E=,4400,fc26788c-6364-4bd9-a34e-7d48c305d8b2,male
60e2e139552fd6002e30b96b,uPNhWe6iiUfedGWj88arsXDv7rOmAWD4CA1dC6sYN9I=,8869,6ddae339-093a-4bab-a75f-30570a47382e,male
60e2e13c552fd6002e30b96c,DY1RgmUJYZ82SppqhjTQn2GQlthfP71ewGgO4HWSvn0=,6233,17b17d5e-f00e-4d2d-8b61-2e9c12b47306,female
60e2e156552fd6002e30b96d,uPNhWe6iiUfedGWj88arsXDv7rOmAWD4CA1dC6sYN9I=,4719,307d422b-0adc-4b0d-a06a-bd06faa51f60,male
60e2e162552fd6002e30b96e,DY1RgmUJYZ82SppqhjTQn2GQlthfP71ewGgO4HWSvn0=,3107,d60546d3-3108-4f14-b5cf-e9e3e7da3181,female
60e2e17b552fd6002e30b96f,DY1RgmUJYZ82SppqhjTQn2GQlthfP71ewGgO4HWSvn0=,9338,a804627e-1861-40a1-ba4f-ce5dc6759e92,female
60e2e17c552fd6002e30b970,uPNhWe6iiUfedGWj88arsXDv7rOmAWD4CA1dC6sYN9I=,5293,eef5a33c-8a2e-4e71-bcdc-31cc76035e8d,male
60e2e197552fd6002e30b971,DY1RgmUJYZ82SppqhjTQn2GQlthfP71ewGgO4HWSvn0=,5899,978ca12b-5d90-4424-b4a3-f1df5d1f286c,female
60e2e19e552fd6002e30b972,x3mhkeCukzEotDK9TdHYoz7mKmFD0sZNgdy60kt1y7E=,7926,233702ad-fcf3-474d-a275-5c7a21379b79,male
60e2e1aa552fd6002e30b973,uPNhWe6iiUfedGWj88arsXDv7rOmAWD4CA1dC6sYN9I=,8891,76e48f3e-9e60-4202-9f19-74f410ed91cc,male
60e2e1ac552fd6002e30b974,DY1RgmUJYZ82SppqhjTQn2GQlthfP71ewGgO4HWSvn0=,1665,85b9c022-d4a3-45a9-b224-e1e61b92ae1e,female
60e2e1c0552fd6002e30b975,DY1RgmUJYZ82SppqhjTQn2GQlthfP71ewGgO4HWSvn0=,4741,5aa926f2-0c15-4535-be94-b4365cb2a798,female
60e2e1cf552fd6002e30b976,DY1RgmUJYZ82SppqhjTQn2GQlthfP71ewGgO4HWSvn0=,1027,8c0fefe5-7a0e-45f5-8551-cfeba3ca295f,female
60e2e1e0552fd6002e30b977,DY1RgmUJYZ82SppqhjTQn2GQlthfP71ewGgO4HWSvn0=,6051,2c34d163-d525-4eee-a8a2-c46c7a9a5c6e,female
60e2e201552fd6002e30b978,DY1RgmUJYZ82SppqhjTQn2GQlthfP71ewGgO4HWSvn0=,1382,e34021c5-8104-496f-84cf-04fea9f84539,female
60e2e206552fd6002e30b979,x3mhkeCukzEotDK9TdHYoz7mKmFD0sZNgdy60kt1y7E=,649,7d5a7526-f86c-4dbf-88f9-cb87d65a8893,male
60e2e228552fd6002e30b97a,DY1RgmUJYZ82SppqhjTQn2GQlthfP71ewGgO4HWSvn0=,2593,53b50ea5-7755-444d-95d4-d717fb0c86a0,female
60e2e230552fd6002e30b97b,x3mhkeCukzEotDK9TdHYoz7mKmFD0sZNgdy60kt1y7E=,9972,93a55188-7052-43a0-ba15-0ca855d09584,male
60e2e24e552fd6002e30b97c,x3mhkeCukzEotDK9TdHYoz7mKmFD0sZNgdy60kt1y7E=,1818,a26f7c00-2823-444a-a054-c7e72aa8a659,male
60e2e2a3552fd6002e30b97d,x3mhkeCukzEotDK9TdHYoz7mKmFD0sZNgdy60kt1y7E=,1656,b0537990-a127-4c70-ac31-01bd499c006a,male
60e2e48a552fd6002e30b97e,zQVlRrTUf/Uzlef+nCD8c4ilkA4qx2aZYDVqyQ5bPMM=,9218,2a1ea04d-5a1f-4378-9d2c-c461450ec6f6,male
60e2e4ea552fd6002e30b983,AojaAl49LPo46KOTyXW/nRG8ThWgj7xbtjhptIFr+kw=,6887,6c03746d-7d99-474c-93bb-ab3276078621,female
60e2e5f1552fd6002e30b984,AojaAl49LPo46KOTyXW/nRG8ThWgj7xbtjhptIFr+kw=,203,8a901b4a-bc1c-44cd-a338-54ecb14b5ada,female
60e2e637552fd6002e30b985,AojaAl49LPo46KOTyXW/nRG8ThWgj7xbtjhptIFr+kw=,5580,186397dd-25e4-4da7-a6ab-a1480ecca169,female
60e2e659552fd6002e30b986,AojaAl49LPo46KOTyXW/nRG8ThWgj7xbtjhptIFr+kw=,1098,a2da1bab-6bf2-4922-813c-4406711eab70,female
60e2e68a552fd6002e30b987,AojaAl49LPo46KOTyXW/nRG8ThWgj7xbtjhptIFr+kw=,3544,5081e423-9dd4-4a9c-93a5-5a67df363d08,female
60e2e6d9552fd6002e30b988,AojaAl49LPo46KOTyXW/nRG8ThWgj7xbtjhptIFr+kw=,9263,246174dc-3868-425d-84d0-d54351e3c7c0,female
60e2e6f3552fd6002e30b989,AojaAl49LPo46KOTyXW/nRG8ThWgj7xbtjhptIFr+kw=,9020,a63752ba-39e3-4180-b2da-f1a3c6fd2ae0,female
60e2e712552fd6002e30b98a,AojaAl49LPo46KOTyXW/nRG8ThWgj7xbtjhptIFr+kw=,9202,7157aabc-de0d-454d-b63b-1808eb9b9359,female
60e2e746552fd6002e30b98b,vnLYjpmNNakCNAbGYHsoEHvWWhE29rftbzZalYvYx1w=,943,c6a2249e-ac8d-444f-8a76-a35829923019,male
60e2e78e552fd6002e30b98e,AojaAl49LPo46KOTyXW/nRG8ThWgj7xbtjhptIFr+kw=,8793,ce698675-cca4-405c-8509-5045b0e15c97,female
60e2e80d552fd6002e30b98f,AojaAl49LPo46KOTyXW/nRG8ThWgj7xbtjhptIFr+kw=,9968,fd757907-2177-4e29-a2ca-0ec0d42bdf1e,female
60e2e8c1552fd6002e30b990,AojaAl49LPo46KOTyXW/nRG8ThWgj7xbtjhptIFr+kw=,5997,f61780a9-1e2c-4bb0-9ebf-324e0499effc,female
60e2e8e0552fd6002e30b991,AojaAl49LPo46KOTyXW/nRG8ThWgj7xbtjhptIFr+kw=,1894,0b232955-2971-4443-bd59-adefe70b3611,female
60e2e923552fd6002e30b992,AojaAl49LPo46KOTyXW/nRG8ThWgj7xbtjhptIFr+kw=,8718,ffcbc588-d98d-4c26-b28c-5452dd8375a2,female
60e2e93a552fd6002e30b993,AojaAl49LPo46KOTyXW/nRG8ThWgj7xbtjhptIFr+kw=,6255,7ce3d5bd-2f10-4531-b5d0-e51be83d847b,female
60e2e94f552fd6002e30b994,AojaAl49LPo46KOTyXW/nRG8ThWgj7xbtjhptIFr+kw=,7058,eaa7b430-3a81-4828-a5e8-2f30bdb0f0a2,female
60e2e9e3552fd6002e30b995,gsDns7eAoS/YaVndDzqhUDYm2wkFiHPSm5MKHigZGmY=,5131,04f7a3a7-010a-41ba-b1c5-fbc8e3ba236f,male
60e2ea38552fd6002e30b996,AojaAl49LPo46KOTyXW/nRG8ThWgj7xbtjhptIFr+kw=,7293,5af895a5-8871-4b7c-92cf-6e6f77e743e0,female
60e2ea39552fd6002e30b997,NL2Cg0ibkL4zzz25I2C2VeOk9mGSjT9kLW2pv9QwUDg=,83,56eec990-d36a-48c6-972a-4bb1cafd391a,male
60e2ea8a552fd6002e30b998,NL2Cg0ibkL4zzz25I2C2VeOk9mGSjT9kLW2pv9QwUDg=,4102,84287e16-f314-4496-8807-73494e98e1bf,male
60e2ea8a552fd6002e30b999,AojaAl49LPo46KOTyXW/nRG8ThWgj7xbtjhptIFr+kw=,332,87918f28-6046-46d7-a9c9-458715a4a2bc,female
60e2eaa2552fd6002e30b99a,AojaAl49LPo46KOTyXW/nRG8ThWgj7xbtjhptIFr+kw=,2722,762cfabb-a0a9-4a43-a76d-0eb8f3cb6568,female
60e2eaa2552fd6002e30b99b,NL2Cg0ibkL4zzz25I2C2VeOk9mGSjT9kLW2pv9QwUDg=,2320,08844002-ad85-4338-ada8-0a307be61d3e,male
60e2eab6552fd6002e30b99c,NL2Cg0ibkL4zzz25I2C2VeOk9mGSjT9kLW2pv9QwUDg=,8854,be674a27-1709-48a0-8c8f-13fe855440b3,male
60e2ead0552fd6002e30b99d,AojaAl49LPo46KOTyXW/nRG8ThWgj7xbtjhptIFr+kw=,4017,9390a619-0ecc-47b5-b403-efd731541e7d,female
60e2ead0552fd6002e30b99e,NL2Cg0ibkL4zzz25I2C2VeOk9mGSjT9kLW2pv9QwUDg=,4147,bfea892b-fc32-4d1a-8e26-44dbe07702fe,male
60e2eaf8552fd6002e30b99f,AojaAl49LPo46KOTyXW/nRG8ThWgj7xbtjhptIFr+kw=,5276,901e8634-707e-4d69-91f1-f12eeddeb586,female
60e2eb01552fd6002e30b9a0,NL2Cg0ibkL4zzz25I2C2VeOk9mGSjT9kLW2pv9QwUDg=,3559,438a5e3e-20df-493f-93d9-bf42133312d5,male
60e2eb19552fd6002e30b9a1,NL2Cg0ibkL4zzz25I2C2VeOk9mGSjT9kLW2pv9QwUDg=,5152,4cf7ca6b-dc80-4180-b507-e82da789ad21,male
60e2eb1e552fd6002e30b9a3,JIKfCoB5BiNxc40tN2MHd7sE1jRiEyKJJmoS9xiCdtc=,3364,32338ec5-d67b-4f97-a2ff-307bab2e855c,male
60e2eb29552fd6002e30b9a4,NL2Cg0ibkL4zzz25I2C2VeOk9mGSjT9kLW2pv9QwUDg=,531,4b625aaa-bdaf-4eff-8668-9346efe1c2e9,male
60e2eb30552fd6002e30b9a5,JIKfCoB5BiNxc40tN2MHd7sE1jRiEyKJJmoS9xiCdtc=,7513,242a5dc5-be3f-420c-b384-13fbb23624ee,male
60e2eb4a552fd6002e30b9a6,AojaAl49LPo46KOTyXW/nRG8ThWgj7xbtjhptIFr+kw=,3914,5727c401-17e5-4b85-8d7f-e9e44f008278,female
60e2eb4a552fd6002e30b9a7,JIKfCoB5BiNxc40tN2MHd7sE1jRiEyKJJmoS9xiCdtc=,9522,9836bd0d-35d6-4843-894b-97978460e1f6,male
60e2eb66552fd6002e30b9a8,NL2Cg0ibkL4zzz25I2C2VeOk9mGSjT9kLW2pv9QwUDg=,4395,d7403811-70f8-4f6c-b9ae-fc535f55e09b,male
60e2eb93552fd6002e30b9a9,NL2Cg0ibkL4zzz25I2C2VeOk9mGSjT9kLW2pv9QwUDg=,7666,d63c2b6f-1b63-4ca4-a4ea-943c07d49459,male
60e2ebb2552fd6002e30b9aa,NL2Cg0ibkL4zzz25I2C2VeOk9mGSjT9kLW2pv9QwUDg=,2435,82db1cb9-751b-46fd-a47c-a39b1d51e5c0,male
60e2ebcb552fd6002e30b9ab,NL2Cg0ibkL4zzz25I2C2VeOk9mGSjT9kLW2pv9QwUDg=,1927,2b21aaf1-1af1-4c0d-a764-e6c2a99e74e2,male
60e2ecee552fd6002e30b9ac,oPE+m/4C0rHOmE2xgM19s0Xd6AYPvimDjtCYytb5evo=,3796,bcfebdb6-8e4c-420e-97e2-292667c82a4e,male
60e2ed36552fd6002e30b9ad,oPE+m/4C0rHOmE2xgM19s0Xd6AYPvimDjtCYytb5evo=,3285,00538947-3390-4449-88ee-c3e719aa0261,male
60e2ed38552fd6002e30b9ae,L31DM23biqHOg/Ff6MEgVFqco+RT48HXm9c+kDQ5EZI=,5416,e0870b51-cb32-4111-b307-535ea0b6d7f7,female
60e2ed65552fd6002e30b9af,L31DM23biqHOg/Ff6MEgVFqco+RT48HXm9c+kDQ5EZI=,5416,ec26c55e-132c-467c-abd5-e478ebd0355d,female
60e2ed77552fd6002e30b9b2,oPE+m/4C0rHOmE2xgM19s0Xd6AYPvimDjtCYytb5evo=,748,b95ca449-f142-45dc-b6a2-541f2802acf8,male
60e2ee14552fd6002e30b9b3,rsxeqGEZqr0ISBf6GT3zpI1Wm1pmajuX9t0UMJ5Itw4=,5726,d1d45808-38a1-4d0c-abee-c022c79b0ed8,male
60e2ee83552fd6002e30b9b4,4XvH1SgI8aMnDk2RDETgmJl8HCbOvxdXOP+c09ycWbU=,9801,60030193-866c-481c-99c4-aaecbc83fbab,female
60e2ef12552fd6002e30b9b5,oMWRkGg9VfvHJQdjQIRfZJteiv+1tBOrFgepHLg3sdM=,2472,c99c2b5a-ede0-47a1-9837-ca6d564b4fdc,male
60e2f1ba552fd6002e30b9b9,6qhKyh/DHgIrVwWdYKEHwfDBYZmKIGRg4aMYjpn5xXM=,6946,2f4a3d5c-87f3-40a4-8b9f-ee580135cf5e,male
60e2f1d4552fd6002e30b9ba,6qhKyh/DHgIrVwWdYKEHwfDBYZmKIGRg4aMYjpn5xXM=,5795,fef8b72b-32c9-48d2-951c-1a36e0ec527f,male
60e2f1ec552fd6002e30b9bb,6qhKyh/DHgIrVwWdYKEHwfDBYZmKIGRg4aMYjpn5xXM=,9121,4645c54e-1cb1-464c-97b6-ded4a1ac6790,male
60e2f430552fd6002e30b9bc,Dc60hjJdk+VTf56/skgJn1kS89mRCsrG2OMvvArtGWg=,9669,54e1da7c-e281-498c-85aa-3a116a8a7f1a,female
60e2f441552fd6002e30b9bd,5N7JMEDTe70u/Lw64oMpiFopvAaKSUkTLLQ+G7eGLs8=,2762,50f6b9b2-4477-4a19-8d6a-bb1c0f74ed02,male
60e2f453552fd6002e30b9be,5N7JMEDTe70u/Lw64oMpiFopvAaKSUkTLLQ+G7eGLs8=,9664,5ea4c30a-b475-41e8-83d9-31c05290b510,male
60e2f462552fd6002e30b9bf,5N7JMEDTe70u/Lw64oMpiFopvAaKSUkTLLQ+G7eGLs8=,3745,e1732b00-12e3-42e3-9740-664da1385fb4,male
60e2f46b552fd6002e30b9c0,5N7JMEDTe70u/Lw64oMpiFopvAaKSUkTLLQ+G7eGLs8=,160,5177ffc6-73e5-4340-b335-ea509681ca2c,male
60e2f47c552fd6002e30b9c1,5N7JMEDTe70u/Lw64oMpiFopvAaKSUkTLLQ+G7eGLs8=,1347,ffd84ae0-fcf0-4973-bb04-72c3e80c2a05,male
60e2f484552fd6002e30b9c2,5N7JMEDTe70u/Lw64oMpiFopvAaKSUkTLLQ+G7eGLs8=,6627,7b8b6126-2780-46dc-baf2-c369351a3031,male
60e2f52a552fd6002e30b9c3,Dc60hjJdk+VTf56/skgJn1kS89mRCsrG2OMvvArtGWg=,7306,77073781-23b5-4f5b-bcef-e1da3c69765a,female
60e2f5d7552fd6002e30b9c4,rbMWW+XD8iKjWHrxtnDl0exxgr4oe+A8REz3bSZgNPs=,337,1c96379e-8ace-4957-9130-f62d5e552f3d,male
60e2f62f552fd6002e30b9c5,Dc60hjJdk+VTf56/skgJn1kS89mRCsrG2OMvvArtGWg=,8780,d48c5afd-c884-4aa6-a15c-95c1e98f3e75,female
60e2f6d7552fd6002e30b9c6,QmiMz5c+BhS/JcRBXRs0lg2/X0t8zUJYndx3YsMDcSA=,1490,bcd43832-7463-4050-9887-968dfe609f5f,female
60e2f72d552fd6002e30b9c7,QmiMz5c+BhS/JcRBXRs0lg2/X0t8zUJYndx3YsMDcSA=,4986,48760b13-e46e-499e-b979-9161ba8aa865,female
60e2f774552fd6002e30b9c8,QmiMz5c+BhS/JcRBXRs0lg2/X0t8zUJYndx3YsMDcSA=,3407,2faa32ca-180f-4a14-87c6-89ad4ce76c28,female
60e2f7a1552fd6002e30b9c9,Dc60hjJdk+VTf56/skgJn1kS89mRCsrG2OMvvArtGWg=,6500,2c06bf13-e2a5-4d7a-9758-b9972df6cf1e,female
60e2f7c7552fd6002e30b9ca,Dc60hjJdk+VTf56/skgJn1kS89mRCsrG2OMvvArtGWg=,2843,58427baa-7079-4e22-bb8a-83d267a2770a,female
60e2f7f0552fd6002e30b9cb,QmiMz5c+BhS/JcRBXRs0lg2/X0t8zUJYndx3YsMDcSA=,8010,8bcbec79-d450-42b6-89ca-63bb4c003ab3,female
60e2f7f1552fd6002e30b9cc,Dc60hjJdk+VTf56/skgJn1kS89mRCsrG2OMvvArtGWg=,5741,af7e2047-3a8e-4706-b436-de1934bd5c33,female
60e2f829552fd6002e30b9cd,QmiMz5c+BhS/JcRBXRs0lg2/X0t8zUJYndx3YsMDcSA=,3001,1f82ba8a-0770-4e37-a070-89452be0dcac,female
60e2f8e0552fd6002e30b9ce,Dc60hjJdk+VTf56/skgJn1kS89mRCsrG2OMvvArtGWg=,7204,680ac903-22f4-4c39-9e4e-69106b778d02,female
60e2f928552fd6002e30b9cf,Dc60hjJdk+VTf56/skgJn1kS89mRCsrG2OMvvArtGWg=,3953,e84813d8-cc90-4f34-9d7a-751c4fbeacba,female
60e2f996552fd6002e30b9d0,Dc60hjJdk+VTf56/skgJn1kS89mRCsrG2OMvvArtGWg=,1,b5e9b7e3-a46d-415a-83b2-a1da9affe2a4,female
60e2f9c0552fd6002e30b9d1,Dc60hjJdk+VTf56/skgJn1kS89mRCsrG2OMvvArtGWg=,5092,b8aec965-8223-4e54-a971-b12b650f8a30,female
60e2fa15552fd6002e30b9d2,Dc60hjJdk+VTf56/skgJn1kS89mRCsrG2OMvvArtGWg=,3244,0a590887-2025-488e-9825-15c76169f6f0,female
60e2fa6c552fd6002e30b9d3,FQtACkc9EMA0nuRKKDW8IuIVK7IE72eQ1YQ8FroiBK0=,8162,e72edcbb-d0ad-4e4c-a4a2-a4054742c68c,male
60e300f1552fd6002e30b9d7,FQtACkc9EMA0nuRKKDW8IuIVK7IE72eQ1YQ8FroiBK0=,6455,5a6e9621-406c-454d-abdf-7da6119da140,male
60e301a7552fd6002e30b9ec,GqPdAAX0Mh+lW56KOJPRp4U7gO7t26AlhyKc1JfEvIc=,1325,4f3e03a0-8aea-4cc9-b589-7f35292fd8e0,male
60e302ce552fd6002e30b9ed,U5wp3IbtLh389+fAwzohe6LoTvps2jYUR7v94bAI3Ww=,6357,5f79fae9-7f3e-414b-8e27-5eeb3f9de95d,male
60e302ea552fd6002e30b9f2,AvVt+StB5SxJEKktcKXmA0i608aKYzd4/3MAqRWlcRU=,7334,773c59c7-954b-4528-b024-fe0a5a5995e5,male
60e307ad552fd6002e30b9f3,Qe8QGRJCQsZBFoq/kmwUgcDSrsAYmnfO0uvKs+GqiE4=,2484,e864f8b0-ad93-4048-b113-3fbf0de7c52d,female
60e307fa552fd6002e30b9f4,Qe8QGRJCQsZBFoq/kmwUgcDSrsAYmnfO0uvKs+GqiE4=,3322,4a384a3a-9aa5-4c8e-83db-66665674335c,female
60e30820552fd6002e30b9f5,Qe8QGRJCQsZBFoq/kmwUgcDSrsAYmnfO0uvKs+GqiE4=,1418,e03a78e2-b0f7-48a2-836e-60c85d6c81b2,female
60e30840552fd6002e30b9f6,Qe8QGRJCQsZBFoq/kmwUgcDSrsAYmnfO0uvKs+GqiE4=,4998,95f760ba-74dc-49af-a06c-1e392a95f4aa,female
60e30f34552fd6002e30b9f7,ba71tfAFDH1q85c3kdOXGmfNEnTFJoENz1nU6rKcF+o=,4233,beb025fe-f303-4a08-b9bc-7af6c357bf73,female
60e313867f623e002e3ba409,X+WIJkdEWs18NFAtcgcHwUxEdJj1e1H64+dni1JE0aY=,9216,10293709-9ccf-4bc8-b049-a45ca2be56e6,male
60e322de7f623e002e3ba40a,MKVc7p6o2pGNDskBy9dhRkQbIUQ9xclD9apuYi6ZVZE=,5454,5e1d4aac-2ac5-4ce8-8246-056073ae5714,male
60e323477f623e002e3ba40d,Y70BL4Mh6MfNlmuAQpNjrnjj07M2PTuVytejvzBYQWM=,1418,d01a3721-7f63-401e-8e99-da949ade633d,male
60e3236a7f623e002e3ba40e,Y70BL4Mh6MfNlmuAQpNjrnjj07M2PTuVytejvzBYQWM=,7063,12e2f7ac-1931-4371-b872-3fa84e09878f,male
60e3238c7f623e002e3ba40f,Y70BL4Mh6MfNlmuAQpNjrnjj07M2PTuVytejvzBYQWM=,8230,750cbae7-e116-4c52-a50d-2ac795ead82d,male
60e323e37f623e002e3ba410,Y70BL4Mh6MfNlmuAQpNjrnjj07M2PTuVytejvzBYQWM=,8377,910fd391-90a8-4c5b-ba06-4a1ce9dd0b11,male
60e324147f623e002e3ba411,Y70BL4Mh6MfNlmuAQpNjrnjj07M2PTuVytejvzBYQWM=,620,1d0c28f7-bd2e-40c1-b215-45a380b21178,male
60e3242b7f623e002e3ba412,Y70BL4Mh6MfNlmuAQpNjrnjj07M2PTuVytejvzBYQWM=,9145,f6052a72-ab2f-4f7e-a126-7262cfeffd00,male
60e324507f623e002e3ba413,Y70BL4Mh6MfNlmuAQpNjrnjj07M2PTuVytejvzBYQWM=,3974,2ce8e6b1-19c6-4c8d-bf03-8131c44acc59,male
60e324657f623e002e3ba414,Y70BL4Mh6MfNlmuAQpNjrnjj07M2PTuVytejvzBYQWM=,482,4f45c51e-fcad-44f1-ae4c-34bef62dc219,male
60e3248a7f623e002e3ba415,Y70BL4Mh6MfNlmuAQpNjrnjj07M2PTuVytejvzBYQWM=,4141,936e6203-5382-404f-9261-ba3e2ad57bde,male
60e324b07f623e002e3ba416,Y70BL4Mh6MfNlmuAQpNjrnjj07M2PTuVytejvzBYQWM=,7419,3dd90585-e943-4702-85b5-9fb571cdd3fd,male
60e3250c7f623e002e3ba417,Y70BL4Mh6MfNlmuAQpNjrnjj07M2PTuVytejvzBYQWM=,9581,1fc614dc-b72d-40ee-89c4-bba498e3f568,male
60e325317f623e002e3ba418,Y70BL4Mh6MfNlmuAQpNjrnjj07M2PTuVytejvzBYQWM=,5487,a321226c-dd96-48fb-add4-91241e6db093,male
60e325467f623e002e3ba419,Y70BL4Mh6MfNlmuAQpNjrnjj07M2PTuVytejvzBYQWM=,3874,6848fb1f-a8ed-48ba-b63f-2209a267244c,male
60e325637f623e002e3ba41a,Y70BL4Mh6MfNlmuAQpNjrnjj07M2PTuVytejvzBYQWM=,8848,2c16090c-27e0-41ff-acf8-9173e1be4bbb,male
60e328de7f623e002e3ba41b,q8cplkgXwG/mB9Jf1CBC4iFOsuHyn94xame97BG4oDM=,9793,6db7c471-3ab4-4b1d-92aa-51213eee642d,male
60e329157f623e002e3ba41c,hiriau+07L5gHEWFYbFYC2MZVYGHjv6STSk1L5SF4jw=,4786,5ffd850a-d543-442b-88d5-cafc26c7c6fd,male
60e329907f623e002e3ba41d,Buz7ElKE9nPVooAN60E0Jc92iAmGV2u0ImBWyBot1T0=,6611,34ce1f8a-678f-4477-9e04-b03ef0cc1db5,male
60e339407f623e002e3ba421,XJqIX08C4wwQX2/7swL9+3Tl7lrywa/T+B5P3m5Yfmk=,9706,c6ea16d5-eb1c-47ba-9401-019c1f35a5ee,female
60e339647f623e002e3ba42c,ieCgSygtmC9huq6a5mLiWh130S6SfopMb153TDruBkw=,8752,29da5d70-86fd-4229-8fc9-e4da277bb8b2,male
60e339fa7f623e002e3ba42d,ieCgSygtmC9huq6a5mLiWh130S6SfopMb153TDruBkw=,873,cc580e2e-54eb-4562-80e9-6a25965345f9,male
60e33a817f623e002e3ba42e,SHVD9zYCbb0gXabCHq1CCSYDPhah6BgNYhHUsYnK5Gw=,606,2c6d2a6c-5a02-494d-b1b8-d6f4f0cd3a62,male
60e33a9b7f623e002e3ba42f,ieCgSygtmC9huq6a5mLiWh130S6SfopMb153TDruBkw=,4734,67fcecae-d049-4eb8-9386-53e9f79e9c81,male
60e33aba7f623e002e3ba430,ieCgSygtmC9huq6a5mLiWh130S6SfopMb153TDruBkw=,1722,c0fbcaa5-8bc7-4b47-b7cd-72157ad8014e,male
60e33ad37f623e002e3ba431,SHVD9zYCbb0gXabCHq1CCSYDPhah6BgNYhHUsYnK5Gw=,4501,a0887bb3-00d2-4859-9ba1-360988e73546,male
60e33ae17f623e002e3ba432,ieCgSygtmC9huq6a5mLiWh130S6SfopMb153TDruBkw=,7552,f9659e17-536e-4587-b763-f1510db6f930,male
60e33b037f623e002e3ba433,SHVD9zYCbb0gXabCHq1CCSYDPhah6BgNYhHUsYnK5Gw=,7384,869992c9-dee6-47ee-8210-2aa535776a9b,male
60e33b047f623e002e3ba434,ieCgSygtmC9huq6a5mLiWh130S6SfopMb153TDruBkw=,7387,19e56bc7-1ed2-4689-90e5-092f99f39808,male
60e33b277f623e002e3ba435,ieCgSygtmC9huq6a5mLiWh130S6SfopMb153TDruBkw=,6004,28369fc8-8171-461d-b94c-4201973db57a,male
60e33b287f623e002e3ba436,SHVD9zYCbb0gXabCHq1CCSYDPhah6BgNYhHUsYnK5Gw=,1316,74cff3e7-8eaa-4f78-9859-5658be81de7a,male
60e33b977f623e002e3ba437,ieCgSygtmC9huq6a5mLiWh130S6SfopMb153TDruBkw=,1214,44f117e8-2db8-46bb-8d18-0d4fdafb90b8,male
60e33bc57f623e002e3ba438,SHVD9zYCbb0gXabCHq1CCSYDPhah6BgNYhHUsYnK5Gw=,5409,f7b00787-e478-4a7b-adf3-b1ab060d958e,male
60e33bc77f623e002e3ba439,ieCgSygtmC9huq6a5mLiWh130S6SfopMb153TDruBkw=,6150,33249bd7-4e57-4bd8-aa76-8d259171499f,male
60e33bf17f623e002e3ba43a,ieCgSygtmC9huq6a5mLiWh130S6SfopMb153TDruBkw=,4011,1205bac2-febd-4af0-825f-0c3a3136a482,male
60e33c147f623e002e3ba43b,ieCgSygtmC9huq6a5mLiWh130S6SfopMb153TDruBkw=,8347,33cd35df-c1c6-4dae-a96e-f35369d169c2,male
60e33c357f623e002e3ba43c,ieCgSygtmC9huq6a5mLiWh130S6SfopMb153TDruBkw=,9088,0be0c53c-77e9-41b6-b308-3dd0891cfaf8,male
60e33c377f623e002e3ba43d,SHVD9zYCbb0gXabCHq1CCSYDPhah6BgNYhHUsYnK5Gw=,7142,5f01ee4a-1a49-47aa-a4ef-ff25d2a3b60c,male
60e33c7a7f623e002e3ba43e,22LNg4QG6rPMcxDVAzDRPlVBx4+jmsHgL2As8AOwcSo=,4137,37b88f19-43ea-4449-ab28-a4e131ccf358,female
60e33c9a7f623e002e3ba443,SHVD9zYCbb0gXabCHq1CCSYDPhah6BgNYhHUsYnK5Gw=,6237,7fcef41b-7b0d-45bb-b558-b8b82d738c7c,male
60e33cb57f623e002e3ba444,ieCgSygtmC9huq6a5mLiWh130S6SfopMb153TDruBkw=,5650,fdd43022-537b-44bd-89fe-70cd1a4a1632,male
60e33d897f623e002e3ba445,b7U5XXXaAzB3G2MCXbXaq6M6rmUFYxJkVhnNLxwJaNI=,1912,7bef6d25-73c2-4495-9d93-ece0b656e210,male
60e33d987f623e002e3ba446,QLu+PHkqWwsBZ928qXftpfD+XGmGMRyQTT5efwiWVGw=,932,f30c2b0a-d953-4f4f-818f-c359d896312b,female
60e33da47f623e002e3ba447,b7U5XXXaAzB3G2MCXbXaq6M6rmUFYxJkVhnNLxwJaNI=,7479,a45b5548-b85d-4f47-853f-ca2ae3c35f2a,male
60e33dc07f623e002e3ba448,b7U5XXXaAzB3G2MCXbXaq6M6rmUFYxJkVhnNLxwJaNI=,9321,3f2d7ec9-1bd1-499b-a274-4288009bbe62,male
60e33df37f623e002e3ba449,CmsPnyKa9ICCKlxuo2Ycskb/+VGKozgWJMWPfzXs9Dk=,1853,f091a153-7a31-41ec-80b9-95a4c49a9b28,male
60e33e2f7f623e002e3ba44a,bodGPt+1i2rIlxnW9D9RfAAZMP8+dclxa+ME/vmtjAg=,5398,8795b0f2-d324-41b0-8f9a-806cdd2262fa,male
60e353037f623e002e3ba44b,bTeRjqbl7a4TRnx8LBzIvxlGAXzZ61ucHcpvgRetB3o=,1417,4eeb0d8d-e646-44a8-a11d-72f360444627,male
60e353447f623e002e3ba44c,bikELRH3LF6Ng3siYKDPj2axf+P7IsY+NSJl6SnJYoA=,9543,dd52222b-8d1c-4db1-84cd-994fea58b154,male
60e3539b7f623e002e3ba44d,IFcpMMEndP47O0m/JQZiEwuGRvqjrBIbrR/LBeXKnYI=,4459,f135e7e1-e247-4382-a2b0-591d37601d02,male
60e36d2b7f623e002e3ba44e,hnnBf62c3l6r/h3pV+1GY5VzmaxUIYfHVqwnxx4+hjM=,1454,ee14bb92-84ae-459b-ac9f-2f997c5e3170,female
60e3c2597f623e002e3ba44f,giLdLc8PghoG7+yBSswM/ifq224RdbgdYWfAbJPapHs=,8216,a76e9256-728f-457e-84cf-e6682d43a2d9,male
60e3c2927f623e002e3ba450,giLdLc8PghoG7+yBSswM/ifq224RdbgdYWfAbJPapHs=,7691,19e2808d-0155-4234-9d9f-35f3ee7f7c07,male
60e3c3a47f623e002e3ba451,giLdLc8PghoG7+yBSswM/ifq224RdbgdYWfAbJPapHs=,5855,202192cd-87ff-49c4-bc62-f133f8f8a810,male
60e3c4dd7f623e002e3ba452,giLdLc8PghoG7+yBSswM/ifq224RdbgdYWfAbJPapHs=,5855,0c18948f-45b6-486d-a6c7-5b71813d5f35,male
60e3c50a7f623e002e3ba453,giLdLc8PghoG7+yBSswM/ifq224RdbgdYWfAbJPapHs=,9445,c8bc480d-fdb8-40ab-9f4a-d1acf2b1afeb,male
60e3c5947f623e002e3ba454,giLdLc8PghoG7+yBSswM/ifq224RdbgdYWfAbJPapHs=,6183,94a9ef99-ea78-4aae-aa50-f88cd143d1cb,male
60e3c5b77f623e002e3ba455,giLdLc8PghoG7+yBSswM/ifq224RdbgdYWfAbJPapHs=,6671,58aeb1c7-40fc-421f-a6a9-83ae8e7ca6ef,male
60e3c5e17f623e002e3ba456,giLdLc8PghoG7+yBSswM/ifq224RdbgdYWfAbJPapHs=,9977,18c54c42-b714-4c63-9dc7-d54519486331,male
60e3c6477f623e002e3ba457,giLdLc8PghoG7+yBSswM/ifq224RdbgdYWfAbJPapHs=,8082,2d647238-6659-4aa0-a630-92b0cd41d949,male
60e3c67f7f623e002e3ba458,giLdLc8PghoG7+yBSswM/ifq224RdbgdYWfAbJPapHs=,9475,a07ea4aa-0e63-4c55-933d-3f19d2198cb7,male
60e3c6d17f623e002e3ba459,giLdLc8PghoG7+yBSswM/ifq224RdbgdYWfAbJPapHs=,2116,6a5c02cf-5398-4232-8071-f13fb8739587,male
60e3c6f07f623e002e3ba45a,giLdLc8PghoG7+yBSswM/ifq224RdbgdYWfAbJPapHs=,3960,eac65bbd-a6d8-45ce-8f7a-a802b3949515,male
60e3c7107f623e002e3ba45b,giLdLc8PghoG7+yBSswM/ifq224RdbgdYWfAbJPapHs=,5926,b4dca3f8-78c9-4001-ae04-69dc2e5b541a,male
60e3d3dc7f623e002e3ba45c,EqM8vq8Pp/oDLN+J8na7W8C8Dy4mfg24dcWwl1Yo2rw=,7421,7e8b1977-19c4-4cdc-afae-2dcc22156508,male
60e3d66c7f623e002e3ba462,z/Tnu/OfcBhUY0eMaLNl95vLnV7PD0astTWaWmPvcCk=,8776,14b38068-36d7-4174-81f5-574961ec1761,male
60e3d6b57f623e002e3ba463,sYBDTJahBspYarwNYTJqeKKc1kXCrm46S4MAKtlvxKY=,8989,8d462ea9-1207-4649-b184-3bc1cc7b2465,male
60e3d6d87f623e002e3ba464,sYBDTJahBspYarwNYTJqeKKc1kXCrm46S4MAKtlvxKY=,1497,06d3c8cd-bdb3-4a90-a47f-7832d9b2ddf9,male
60e3d7007f623e002e3ba465,sYBDTJahBspYarwNYTJqeKKc1kXCrm46S4MAKtlvxKY=,890,7619a477-dbb8-475f-8a22-0dd27b94639b,male
60e3d7117f623e002e3ba466,sYBDTJahBspYarwNYTJqeKKc1kXCrm46S4MAKtlvxKY=,8155,d88fcb11-5bd4-40e7-b182-407e061b4e30,male
60e3d7317f623e002e3ba467,sYBDTJahBspYarwNYTJqeKKc1kXCrm46S4MAKtlvxKY=,9731,9d95aaec-f835-4ebf-bfb5-ffe7dfb96a1f,male
60e3d7447f623e002e3ba468,sYBDTJahBspYarwNYTJqeKKc1kXCrm46S4MAKtlvxKY=,9388,54843260-58ee-4bd5-82c5-190e0b4adf69,male
60e3d7557f623e002e3ba469,sYBDTJahBspYarwNYTJqeKKc1kXCrm46S4MAKtlvxKY=,4054,a0814158-9fe4-4bca-bf0f-72af5e5144d7,male
60e3d7707f623e002e3ba46a,sYBDTJahBspYarwNYTJqeKKc1kXCrm46S4MAKtlvxKY=,8934,7cf0bc4c-1a94-49ee-88fe-341fe02a684c,male
60e3e4767f623e002e3ba46b,lJW/hV0ZN8hhhR4GfyXJuPATOsDRot+FZxLmJ8g4k+Y=,3661,9a8653cd-43ac-4cce-ab77-39e30b14fa03,male
60e3e4ba7f623e002e3ba46d,tivla/aNNLvtn1tqscZHqs90Uh3Rj/Aozg9mVKHdB1A=,2160,fd7a1ae4-6d3c-411f-ad9d-2df18c35f42b,male
60e3e4f27f623e002e3ba46e,tivla/aNNLvtn1tqscZHqs90Uh3Rj/Aozg9mVKHdB1A=,2186,1a3d2ff1-93dc-4c95-a191-b106b9958765,male
60e3e51d7f623e002e3ba46f,tivla/aNNLvtn1tqscZHqs90Uh3Rj/Aozg9mVKHdB1A=,4615,9ea96b0f-df87-4020-a5b8-c46ea6fdab56,male
60e3e5587f623e002e3ba470,tivla/aNNLvtn1tqscZHqs90Uh3Rj/Aozg9mVKHdB1A=,2340,c1d47a67-ad51-49dd-bfc6-2bd310c42b9b,male
60e3e6647f623e002e3ba471,G+3kr7wgfmtD5THTat04fDEUxB8f0Vas7TXX4OQi/EY=,659,d8c17e44-e9fc-4f0b-83e4-9092cb014a3f,male
60e3e67c7f623e002e3ba472,G+3kr7wgfmtD5THTat04fDEUxB8f0Vas7TXX4OQi/EY=,1653,21fcea7d-9103-4b05-ae64-7adc83d1d15d,male
60e3e6b37f623e002e3ba473,G+3kr7wgfmtD5THTat04fDEUxB8f0Vas7TXX4OQi/EY=,6967,78971f0c-cc6f-4bea-b457-44d61085452f,male
60e40dca7f623e002e3ba474,8wIPwuIju3q4K93Y1SCjLanDaM0HxZDY91GlHR2DCe4=,3678,0291ed0f-bfa7-4d9d-8feb-34791aab8f64,male
60e417ae7f623e002e3ba478,kISd/bPQH4rJqSyKuDA6cE91oXVJPa3wOA2dfYQa8sk=,9160,ac570c79-a649-4636-bf75-13d5834ea3b4,female
60e43e157f623e002e3ba479,jeVQpX+tt0+uuwO5qEIueTKO2r5/fCVTy7xhrzlGVh8=,1815,985f9fde-d654-49ab-9814-eb426eac954b,female
60e43e327f623e002e3ba47a,SReLb4Vh35mf8/VwE8phwRTcUGMSLP44WZujmEeq0X0=,7481,12e66499-d5e6-4c1a-ac3a-87e451fc4ec3,female
60e4446c7f623e002e3ba47b,w6T6GqKy9a80lpUfBWzIXdPXYXwAwcB2lHOy+B+SW8E=,9183,15220762-28ac-4e53-8e51-fae549fe5b98,male
60e444887f623e002e3ba47c,w6T6GqKy9a80lpUfBWzIXdPXYXwAwcB2lHOy+B+SW8E=,7931,b85cdb2d-1719-4fbc-88bc-d2d7206cab72,male
60e444ac7f623e002e3ba47d,w6T6GqKy9a80lpUfBWzIXdPXYXwAwcB2lHOy+B+SW8E=,5479,af9b1f2a-f050-4b1f-aa41-61b9e6a51cff,male
60e444be7f623e002e3ba47e,w6T6GqKy9a80lpUfBWzIXdPXYXwAwcB2lHOy+B+SW8E=,4920,29ccf216-4a9b-46af-8d08-f72d3637440b,male
60e444e17f623e002e3ba47f,w6T6GqKy9a80lpUfBWzIXdPXYXwAwcB2lHOy+B+SW8E=,8139,931cd1cc-5e48-46b3-8359-9a07a3960970,male
60e444fd7f623e002e3ba480,w6T6GqKy9a80lpUfBWzIXdPXYXwAwcB2lHOy+B+SW8E=,492,e0e4e9c1-2326-4a03-865a-156767e02039,male
60e4451f7f623e002e3ba481,w6T6GqKy9a80lpUfBWzIXdPXYXwAwcB2lHOy+B+SW8E=,6177,6f39616f-7e56-4dbf-8b98-9b98aa0bdff2,male
60e4452b7f623e002e3ba482,w6T6GqKy9a80lpUfBWzIXdPXYXwAwcB2lHOy+B+SW8E=,7290,e2142d9d-09a3-4f4a-aeb3-7d7c3e50dc12,male
60e445477f623e002e3ba483,w6T6GqKy9a80lpUfBWzIXdPXYXwAwcB2lHOy+B+SW8E=,4486,93e57d41-195e-4c6d-b154-9dab2a7c7374,male
60e48fd4892d05002ecbd9ca,f7G74FaZ5fkxQhzYMPDpdZkNtRH3HcV17Xriiye8oe8=,3255,723b375c-fb2c-4787-b837-96a35bea90db,male
60e55f61936364002e67eae4,9eWyzteYIX0ZuE13ZCCZ4wlDc8rB5WzoTpkoRXRcQro=,1095,ee4fe197-4e39-46b7-a8d1-2381a51b8ac7,male
60e55f82936364002e67eae5,9eWyzteYIX0ZuE13ZCCZ4wlDc8rB5WzoTpkoRXRcQro=,3917,56586475-73bd-406e-b0f0-a764c0f7ff7e,male
60e55fa9936364002e67eae6,9eWyzteYIX0ZuE13ZCCZ4wlDc8rB5WzoTpkoRXRcQro=,9439,1a4db01d-13ab-429d-84db-6ff0db3f7e1f,male
60e55fc6936364002e67eae7,9eWyzteYIX0ZuE13ZCCZ4wlDc8rB5WzoTpkoRXRcQro=,5603,d23606c7-1169-4a91-b221-8d69db6d126d,male
60e55fd5936364002e67eae8,9eWyzteYIX0ZuE13ZCCZ4wlDc8rB5WzoTpkoRXRcQro=,7092,4b37ed4e-6f86-4aaa-a044-9ef0ec7b645b,male
60e55fef936364002e67eae9,9eWyzteYIX0ZuE13ZCCZ4wlDc8rB5WzoTpkoRXRcQro=,6205,d2c41b34-661e-45a2-bbcd-72c462aa2ea1,male
60e55fff936364002e67eaea,9eWyzteYIX0ZuE13ZCCZ4wlDc8rB5WzoTpkoRXRcQro=,3459,801dfd6b-36b5-45a9-89a9-01976984e3ad,male
60e56023936364002e67eaeb,9eWyzteYIX0ZuE13ZCCZ4wlDc8rB5WzoTpkoRXRcQro=,5363,743bbdb2-e068-4213-ac46-1cd8aefa9f6c,male
60e56040936364002e67eaec,9eWyzteYIX0ZuE13ZCCZ4wlDc8rB5WzoTpkoRXRcQro=,4999,ba37d3af-4bb9-4b86-9aa6-03af0a451c32,male
60e56067936364002e67eaed,9eWyzteYIX0ZuE13ZCCZ4wlDc8rB5WzoTpkoRXRcQro=,62,911499c6-f985-476e-8ebe-c8d8a8531d3c,male
60e5607c936364002e67eaee,9eWyzteYIX0ZuE13ZCCZ4wlDc8rB5WzoTpkoRXRcQro=,3860,b0b87b40-5594-4a13-90d9-7180e49014dd,male
60e56098936364002e67eaef,9eWyzteYIX0ZuE13ZCCZ4wlDc8rB5WzoTpkoRXRcQro=,6507,bf06ae85-a94f-4cde-ab3a-4e7d43687856,male
60e57fa1936364002e67eaf0,5gK0jHkReDGXdblSjWGuge2URwQYJzoJAup25gRMA8o=,7127,2726e54d-9d21-43e6-9127-819c7113d5d6,female
60e57fbf936364002e67eaf1,5gK0jHkReDGXdblSjWGuge2URwQYJzoJAup25gRMA8o=,915,5e29cd62-8b1c-400b-a63c-140d1888a88d,female
60e584fd936364002e67eaf2,dtZWqTsUt4dJY131QdpEArQofKzYQVTIC1igJmswpzQ=,7270,70fb608b-45b1-43c7-95d5-ef88549469e6,female
60e585a4936364002e67eaf3,f/bArSYHHu2rggFYoCpQrgRYQ1YTiAEBE3iEB1keOPM=,6869,f7337176-404c-49c0-aa2b-552c878ef6ff,female
60e585c5936364002e67eaf4,f/bArSYHHu2rggFYoCpQrgRYQ1YTiAEBE3iEB1keOPM=,8102,e4f14323-26a1-4a85-ae67-04699ad446b6,female
60e59471936364002e67eaf5,gykTVVQFcBayQLAlwwIaqQNdCHuhXvhTIglu36dItys=,5247,c83f9a16-49bb-42b1-ad0b-2454a0439dc6,male
60e594b5936364002e67eaf6,gykTVVQFcBayQLAlwwIaqQNdCHuhXvhTIglu36dItys=,4805,1fb61413-f857-489a-aedb-b2904bc0b8c3,male
60e594ee936364002e67eaf7,gykTVVQFcBayQLAlwwIaqQNdCHuhXvhTIglu36dItys=,4331,e6ee766c-a9fc-4903-ae48-a61a5763afb8,male
60e59542936364002e67eaf8,gykTVVQFcBayQLAlwwIaqQNdCHuhXvhTIglu36dItys=,9683,6b18a801-d351-4b4b-9489-80f16fbe7f98,male
60e5957b936364002e67eaf9,gykTVVQFcBayQLAlwwIaqQNdCHuhXvhTIglu36dItys=,4269,42d8d009-de28-4ee7-9def-d6dc9ac9c58e,male
60e59598936364002e67eafa,gykTVVQFcBayQLAlwwIaqQNdCHuhXvhTIglu36dItys=,986,0e884414-528e-41da-81fa-8e07da535ee5,male
60e5a07ac9f4a3002ea889e1,f1rMqk2p5hk+LBx0UT23IaE4pn6EokkDkiT2PsmmF5I=,7253,680e233e-f24e-48b9-9b37-60f587212a82,male
60e5a0bbc9f4a3002ea889e2,f1rMqk2p5hk+LBx0UT23IaE4pn6EokkDkiT2PsmmF5I=,8551,d5aabc29-2df0-4032-80e7-6b27aa9b8880,male
60e5a0e2c9f4a3002ea889e3,f1rMqk2p5hk+LBx0UT23IaE4pn6EokkDkiT2PsmmF5I=,6147,685b4ce0-bede-4307-99b5-6279ccac4cd6,male
60e5a13bc9f4a3002ea889e4,f1rMqk2p5hk+LBx0UT23IaE4pn6EokkDkiT2PsmmF5I=,8660,27e7540d-9d48-494c-bb90-3e68f00b0702,male
60e5a14ec9f4a3002ea889e5,f1rMqk2p5hk+LBx0UT23IaE4pn6EokkDkiT2PsmmF5I=,3706,806cef87-54b9-4044-91f8-bcdddb767e3d,male
60e5a1bec9f4a3002ea889e6,f1rMqk2p5hk+LBx0UT23IaE4pn6EokkDkiT2PsmmF5I=,6271,7bc9369c-a25b-439b-9ab5-5bf8e334322d,male
60e5a452c9f4a3002ea889e7,Bn+K2qZGWfurb88ywVuUYIo57xb8N1uS+ykrKu7yfIs=,4992,2bd8d572-28d1-49ea-a239-48496a82dde8,male
60e5a467c9f4a3002ea889e8,Bn+K2qZGWfurb88ywVuUYIo57xb8N1uS+ykrKu7yfIs=,7050,ed1e19ff-9e34-4dcd-947e-d5534b52609d,male
60e5a490c9f4a3002ea889e9,Bn+K2qZGWfurb88ywVuUYIo57xb8N1uS+ykrKu7yfIs=,6150,5934be03-d44c-4231-a66d-3ed6163365a7,male
60e5a4f1c9f4a3002ea889ea,Bn+K2qZGWfurb88ywVuUYIo57xb8N1uS+ykrKu7yfIs=,7916,e62917ea-60fa-44ec-abc3-25189c9ed18b,male
60e5a518c9f4a3002ea889eb,Bn+K2qZGWfurb88ywVuUYIo57xb8N1uS+ykrKu7yfIs=,7745,458d4fd5-f5bf-46bf-81cc-87982b574a09,male
60e5b108c9f4a3002ea889ec,jhzqqEovKEtvauIqu7AtTQYNZ3ImxAIBM/v2Aopj3cU=,4895,bc59aa59-fadd-4f27-ac6e-7f6fae4053d5,female
60e5b143c9f4a3002ea889ed,AG0r8I5LlTz2uPdVofvN4nvDjoWUflI3ZGQxeSw2Hxc=,6627,c80e5296-a0fc-4b68-935a-be5cfd6f7571,female
60e5b1dac9f4a3002ea889ee,AG0r8I5LlTz2uPdVofvN4nvDjoWUflI3ZGQxeSw2Hxc=,6932,8cdc146f-dbf8-4ef3-99f1-2c3ad36ae87a,female
60e5b1f3c9f4a3002ea889ef,AG0r8I5LlTz2uPdVofvN4nvDjoWUflI3ZGQxeSw2Hxc=,764,1d4308ce-8b10-49b8-a2af-228f1debe7d7,female
60e5b210c9f4a3002ea889f0,AG0r8I5LlTz2uPdVofvN4nvDjoWUflI3ZGQxeSw2Hxc=,8900,f2c8f4ab-d48b-4104-b6b0-5e54d8986c5b,female
60e5b248c9f4a3002ea889f1,AG0r8I5LlTz2uPdVofvN4nvDjoWUflI3ZGQxeSw2Hxc=,1252,8aeb3ff4-3cdd-47db-b43b-073bde48b231,female
60e5b287c9f4a3002ea889f2,AG0r8I5LlTz2uPdVofvN4nvDjoWUflI3ZGQxeSw2Hxc=,9948,ea058c63-7682-4472-acda-5dcaaca38b07,female
60e5b32dc9f4a3002ea889f3,AG0r8I5LlTz2uPdVofvN4nvDjoWUflI3ZGQxeSw2Hxc=,5433,039df766-0e79-416c-9dfd-893e113d1709,female
60e5b343c9f4a3002ea889f4,AG0r8I5LlTz2uPdVofvN4nvDjoWUflI3ZGQxeSw2Hxc=,9813,54535670-b0cd-4d26-a533-fcdafa3fe873,female
60e5b372c9f4a3002ea889f5,AG0r8I5LlTz2uPdVofvN4nvDjoWUflI3ZGQxeSw2Hxc=,1161,76e1f708-464f-4bdf-9349-2c2c17d83f4c,female
60e5b3cec9f4a3002ea889f6,AG0r8I5LlTz2uPdVofvN4nvDjoWUflI3ZGQxeSw2Hxc=,7085,2590a7ee-d3af-486b-82de-2982a1290217,female
60e5b3f3c9f4a3002ea889f7,AG0r8I5LlTz2uPdVofvN4nvDjoWUflI3ZGQxeSw2Hxc=,1548,aeffd6a2-32ba-4444-9f4f-dbfc4c1cf92e,female
60e5b43fc9f4a3002ea889f8,AG0r8I5LlTz2uPdVofvN4nvDjoWUflI3ZGQxeSw2Hxc=,8964,2b1986e3-6aaa-4b82-9362-6f4598a760d8,female
60e5b49cc9f4a3002ea889f9,AG0r8I5LlTz2uPdVofvN4nvDjoWUflI3ZGQxeSw2Hxc=,2843,491918af-4623-4b8c-bcf9-8fe2cb564024,female
60e5b509c9f4a3002ea889fa,AG0r8I5LlTz2uPdVofvN4nvDjoWUflI3ZGQxeSw2Hxc=,8014,3ae29752-5ebb-478b-a4a7-b0a16dfda62e,female
60e5b538c9f4a3002ea889fb,AG0r8I5LlTz2uPdVofvN4nvDjoWUflI3ZGQxeSw2Hxc=,5750,1741b201-ac04-4454-94cb-02692969f96c,female
60e5b624c9f4a3002ea889fc,AG0r8I5LlTz2uPdVofvN4nvDjoWUflI3ZGQxeSw2Hxc=,6777,bd472961-4564-454a-8da7-36477bf8c61b,female
60e5b65fc9f4a3002ea889fd,AG0r8I5LlTz2uPdVofvN4nvDjoWUflI3ZGQxeSw2Hxc=,5547,37e2fa87-b9b8-4a8e-930d-624db989c72f,female
60e5b67dc9f4a3002ea889fe,AG0r8I5LlTz2uPdVofvN4nvDjoWUflI3ZGQxeSw2Hxc=,618,d071fa26-018d-49e5-9f3f-ab28a764b8a1,female
60e5b6dfc9f4a3002ea889ff,AG0r8I5LlTz2uPdVofvN4nvDjoWUflI3ZGQxeSw2Hxc=,9500,a7a8d1f7-f5d0-4820-a1a5-355a1fbaca46,female
60e5b6f9c9f4a3002ea88a00,AG0r8I5LlTz2uPdVofvN4nvDjoWUflI3ZGQxeSw2Hxc=,291,e21620b4-ffbc-4d65-ac9a-e0a7ea478496,female
60e5b714c9f4a3002ea88a01,AG0r8I5LlTz2uPdVofvN4nvDjoWUflI3ZGQxeSw2Hxc=,6546,ec12530b-c9e6-4c00-803c-d4f938a1086f,female
60e5b746c9f4a3002ea88a02,AG0r8I5LlTz2uPdVofvN4nvDjoWUflI3ZGQxeSw2Hxc=,1930,cae0d014-aaac-46ca-a4de-a8ab150afb4c,female
60e5b776c9f4a3002ea88a03,AG0r8I5LlTz2uPdVofvN4nvDjoWUflI3ZGQxeSw2Hxc=,2948,0aa12261-4a76-4478-b8e4-8aa4ecbb3ad3,female
60e5b7a3c9f4a3002ea88a04,AG0r8I5LlTz2uPdVofvN4nvDjoWUflI3ZGQxeSw2Hxc=,6702,d808a410-055e-46ce-8418-d1d70d50c113,female
60e5b7bbc9f4a3002ea88a05,AG0r8I5LlTz2uPdVofvN4nvDjoWUflI3ZGQxeSw2Hxc=,288,1b150d77-e92a-42bc-af75-ec36a520051a,female
60e5b7cac9f4a3002ea88a06,AG0r8I5LlTz2uPdVofvN4nvDjoWUflI3ZGQxeSw2Hxc=,1740,d32dc434-2ae1-478e-8de2-1c6be6b3f66a,female
60e5bb37c9f4a3002ea88a07,zS1jxSO/E3UaQR75TXPqWkjZgFrxYBbDCf8kDehNc8c=,6171,a4e5ba6d-a4cc-4ade-9fcb-07fcbbc85bed,male
60e5c792c9f4a3002ea88a08,gWO3Ucntoj1K4MXReC2OTaSP25GfojTZtq8g1q4vAY4=,4558,69130ce3-b740-48e7-b26a-ccfaaedab1c8,female
60e5c7bac9f4a3002ea88a09,gWO3Ucntoj1K4MXReC2OTaSP25GfojTZtq8g1q4vAY4=,8769,10ab8cd8-c406-463b-bbf8-3ce64514204b,female
60e5d0b2c9f4a3002ea88a0a,BMd2/buQRotR25Dzj5wjb0J28ZGgLnacxHV/fQGNpa0=,8034,fa0924a7-fe1b-46ad-b158-bffa5743d28f,male
60e5d0d7c9f4a3002ea88a0b,BMd2/buQRotR25Dzj5wjb0J28ZGgLnacxHV/fQGNpa0=,9246,a909fcec-b2de-4a14-91f4-8635b2ac8206,male
60e5d0e7c9f4a3002ea88a0c,BMd2/buQRotR25Dzj5wjb0J28ZGgLnacxHV/fQGNpa0=,6396,1bde6867-f22b-4e0d-a98d-9757257e76c3,male
60e5d0f3c9f4a3002ea88a0d,BMd2/buQRotR25Dzj5wjb0J28ZGgLnacxHV/fQGNpa0=,6587,fc1316b8-2ea1-4e5a-be6c-da95ce913cd0,male
60e5d126c9f4a3002ea88a0e,BMd2/buQRotR25Dzj5wjb0J28ZGgLnacxHV/fQGNpa0=,8531,4dead155-babb-456f-af36-6f99a4c2091a,male
60e66875c9f4a3002ea88a0f,CheIxmbKhM2a3sFGLHkdZjBQgAHHAJmx6+rqjFJ1pYc=,8751,9d8694d2-c182-4f6a-af8c-339be61b1188,female
60e668a4c9f4a3002ea88a10,CheIxmbKhM2a3sFGLHkdZjBQgAHHAJmx6+rqjFJ1pYc=,3973,72a530bb-a3a6-4331-91af-596494220f6f,female
60e6695dc9f4a3002ea88a11,CheIxmbKhM2a3sFGLHkdZjBQgAHHAJmx6+rqjFJ1pYc=,9653,bbc6b16e-1021-44b5-aa56-a4e83c847a69,female
60e66983c9f4a3002ea88a12,CheIxmbKhM2a3sFGLHkdZjBQgAHHAJmx6+rqjFJ1pYc=,8850,57a26e22-af9f-48e3-beea-43bc2dc69eb8,female
60e669d7c9f4a3002ea88a13,CheIxmbKhM2a3sFGLHkdZjBQgAHHAJmx6+rqjFJ1pYc=,1587,12610876-87c5-4d69-b95a-8b9bef459e8d,female
60e67db3c9f4a3002ea88a14,BNjvKZxnRniLGjiwq2ivKbRQE5AtE3X7VmnfAm1XvXc=,4234,eed20834-9b46-4a00-80cb-9e682e62e638,male
60e67dd9c9f4a3002ea88a15,BNjvKZxnRniLGjiwq2ivKbRQE5AtE3X7VmnfAm1XvXc=,7424,83ffb603-86aa-47a9-b7a7-39665480a60e,male
60e67e1ec9f4a3002ea88a16,BNjvKZxnRniLGjiwq2ivKbRQE5AtE3X7VmnfAm1XvXc=,3928,c92e206f-f6a0-447c-8fde-6eafd76b3dfa,male
60e67e65c9f4a3002ea88a17,BNjvKZxnRniLGjiwq2ivKbRQE5AtE3X7VmnfAm1XvXc=,6773,b283953e-9095-42f5-81b7-9a1c5e3502a7,male
60e67ea9c9f4a3002ea88a18,BNjvKZxnRniLGjiwq2ivKbRQE5AtE3X7VmnfAm1XvXc=,3686,70b5307d-c0a1-44ac-a6f3-da86cb17d155,male
60e67eeec9f4a3002ea88a19,BNjvKZxnRniLGjiwq2ivKbRQE5AtE3X7VmnfAm1XvXc=,7682,def574cf-44bd-4169-8aae-2eb887321825,male
60e67f3ec9f4a3002ea88a1a,BNjvKZxnRniLGjiwq2ivKbRQE5AtE3X7VmnfAm1XvXc=,5042,952c2f6e-1314-44e3-9bcd-4bc65c0cac6d,male
60e67f58c9f4a3002ea88a1b,BNjvKZxnRniLGjiwq2ivKbRQE5AtE3X7VmnfAm1XvXc=,200,302f5d2e-f21b-4bb0-8f62-f0bf4a4a01dc,male
60e67fecc9f4a3002ea88a1c,BNjvKZxnRniLGjiwq2ivKbRQE5AtE3X7VmnfAm1XvXc=,9211,0bbec966-c506-4741-8a45-1db21ba7f900,male
60e68016c9f4a3002ea88a1d,BNjvKZxnRniLGjiwq2ivKbRQE5AtE3X7VmnfAm1XvXc=,9680,349d57f1-6098-4448-8b7d-4903db6ee65c,male
60e6b392fab1dc0032a77d29,GzEC2gqlifoOydkFEp0qvYkKCtyr1TLtPbPHJz/QBBA=,8174,e2feb3e9-0623-46cc-b46e-59383399a79d,female
60e6eaf0fab1dc0032a77d2a,f5KaP4g+Bfe8HlluB6iKRi0fgmkZelf6BNzVZDGC0FE=,7023,80dd0f5d-902f-4154-8625-504d620fba6b,male
60e7db7efab1dc0032a77d2b,d48NrZO8HPqwhMJ5L9dOB2wn5Giv8QaVYXd6Z0+je9w=,7865,05ec7912-072d-4a56-bbab-7a5096619cdb,male
60e7db95fab1dc0032a77d2c,d48NrZO8HPqwhMJ5L9dOB2wn5Giv8QaVYXd6Z0+je9w=,2207,a40b90d2-e5e5-4490-91a8-fe66a8149df4,male
60e7ee84fab1dc0032a77d2d,vT5dnbbxiwpuV28iMAkV9LtkVuts6ka08OIc4zkSXrE=,1066,d8b60152-0ab0-4f99-9c0e-3611930a5658,male
60e7eea9fab1dc0032a77d2e,vT5dnbbxiwpuV28iMAkV9LtkVuts6ka08OIc4zkSXrE=,8898,6eeb2c67-c1c9-45fc-a493-5dea580ed551,male
60e7eed0fab1dc0032a77d2f,vT5dnbbxiwpuV28iMAkV9LtkVuts6ka08OIc4zkSXrE=,7929,b47a9364-0a3d-464e-ae44-542ff049e922,male
60e7eeeafab1dc0032a77d30,vT5dnbbxiwpuV28iMAkV9LtkVuts6ka08OIc4zkSXrE=,7492,a0f2ae35-c830-473a-995e-b7d5c5c06905,male
60e7ef13fab1dc0032a77d31,vT5dnbbxiwpuV28iMAkV9LtkVuts6ka08OIc4zkSXrE=,4076,a8651044-8c8d-4344-b715-0ecf095a027b,male
60e7ef6cfab1dc0032a77d32,vT5dnbbxiwpuV28iMAkV9LtkVuts6ka08OIc4zkSXrE=,2470,3584a3af-feff-49ca-a9c4-cda0830830c2,male
60e7efadfab1dc0032a77d33,vT5dnbbxiwpuV28iMAkV9LtkVuts6ka08OIc4zkSXrE=,801,a2fc9f30-1989-45bb-ab4a-2ec55f15a1c0,male
60e7effffab1dc0032a77d34,vT5dnbbxiwpuV28iMAkV9LtkVuts6ka08OIc4zkSXrE=,8432,e99ff647-1229-4829-ae7a-b3cb9ba26474,male
60e9d119fab1dc0032a77d35,hL7uKHAYJtAF02Mbf8EMWyK9xn/90lKxi79BD8MyTOk=,2908,43dae343-3c92-4143-a0c7-744289275a49,male
60e9d134fab1dc0032a77d36,hL7uKHAYJtAF02Mbf8EMWyK9xn/90lKxi79BD8MyTOk=,2093,c8b23d7d-439b-4b04-b7a9-798c2ca360fd,male
60e9d1d9fab1dc0032a77d37,hL7uKHAYJtAF02Mbf8EMWyK9xn/90lKxi79BD8MyTOk=,5411,3bef8a92-05eb-4fc1-b280-da6ee5eba3c5,male
60e9d215fab1dc0032a77d38,hL7uKHAYJtAF02Mbf8EMWyK9xn/90lKxi79BD8MyTOk=,1196,f1c01a23-04fc-4bd6-b79b-210a27c13b72,male
60e9d252fab1dc0032a77d39,hL7uKHAYJtAF02Mbf8EMWyK9xn/90lKxi79BD8MyTOk=,2807,9022936b-ee63-412c-b556-1778f080376f,male
60e9d2b0fab1dc0032a77d3a,hL7uKHAYJtAF02Mbf8EMWyK9xn/90lKxi79BD8MyTOk=,4249,1289c038-d838-4124-8bda-b5ebcf9ad622,male
60e9d2e6fab1dc0032a77d3b,hL7uKHAYJtAF02Mbf8EMWyK9xn/90lKxi79BD8MyTOk=,3993,134cb5b3-88f9-4a39-9a76-2d88d0062dd6,male
60e9d471fab1dc0032a77d3c,hL7uKHAYJtAF02Mbf8EMWyK9xn/90lKxi79BD8MyTOk=,100,a01e248c-f40b-48bd-adbb-77d45afc965f,male
60e9d49afab1dc0032a77d3d,hL7uKHAYJtAF02Mbf8EMWyK9xn/90lKxi79BD8MyTOk=,8217,9eff388c-9c30-4434-8e6e-b468c88fee9b,male
60e9d4cdfab1dc0032a77d3e,hL7uKHAYJtAF02Mbf8EMWyK9xn/90lKxi79BD8MyTOk=,5105,d75ff9d5-3e5f-4909-bc91-4d220358f1c5,male
60e9d598fab1dc0032a77d3f,hL7uKHAYJtAF02Mbf8EMWyK9xn/90lKxi79BD8MyTOk=,8465,b016f397-695c-438d-87a6-fb91992021bb,male
60e9d5e9fab1dc0032a77d40,hL7uKHAYJtAF02Mbf8EMWyK9xn/90lKxi79BD8MyTOk=,6694,0dc9d105-27a3-4ba7-bc0c-a79c2bf81174,male
60ec7814fab1dc0032a77d41,ipkjLYM9QiF8DY6qVtOqhvTeYaJHeH2S1CxckOs1cTQ=,5954,f31ebc6a-47e1-4968-8d69-cd36397ac112,female
60ed4942fab1dc0032a77d42,CmAJ/+YT2Opa+4W+AydAh/YlyMgorx+3MIK8ciHEYPU=,41,c0d7f118-19fe-41da-9ea4-c6b31db40f30,male
60ed4967fab1dc0032a77d43,CmAJ/+YT2Opa+4W+AydAh/YlyMgorx+3MIK8ciHEYPU=,3353,f447dd9f-89f3-4c17-8d92-2219f849a600,male
60ed4985fab1dc0032a77d44,CmAJ/+YT2Opa+4W+AydAh/YlyMgorx+3MIK8ciHEYPU=,4755,d10ad475-c7fb-45d7-9c36-6db94d442809,male
60ed56e1fab1dc0032a77d45,dTFPPLrOSSjS0TC3LWyMIrfpcT3/jd/rXuE2wHSc/vo=,7605,31460394-aec1-41e2-b1d9-cb183864ea62,female
60ed5722fab1dc0032a77d46,dTFPPLrOSSjS0TC3LWyMIrfpcT3/jd/rXuE2wHSc/vo=,4004,d7b74f84-a518-4197-be47-f0a18645c99c,female
60ed5785fab1dc0032a77d47,dTFPPLrOSSjS0TC3LWyMIrfpcT3/jd/rXuE2wHSc/vo=,7517,cb63c06c-a021-4093-ab86-bc391a6316de,female
60f05655fab1dc0032a77d48,GEoeURdYGlBWN6GA0VlLjIZGT0c/zRROpROXWbMRqQM=,8068,7acf1f33-7100-4543-b307-0bf23e7f36ae,female
60f056f5fab1dc0032a77d49,GEoeURdYGlBWN6GA0VlLjIZGT0c/zRROpROXWbMRqQM=,2670,f70ff204-2ead-4190-89c9-9d1106699537,female
60f057a2fab1dc0032a77d4a,GEoeURdYGlBWN6GA0VlLjIZGT0c/zRROpROXWbMRqQM=,4923,8490ebb1-216a-4df5-91e4-8f671ad77ba8,female
60f057d6fab1dc0032a77d4b,GEoeURdYGlBWN6GA0VlLjIZGT0c/zRROpROXWbMRqQM=,5155,0942a1cf-f3be-4931-8c4c-0bc44c9ca1aa,female
60f0586ffab1dc0032a77d4c,GEoeURdYGlBWN6GA0VlLjIZGT0c/zRROpROXWbMRqQM=,9991,2809eeef-fa4f-4a76-9a7e-50750509015a,female
60f058adfab1dc0032a77d4d,GEoeURdYGlBWN6GA0VlLjIZGT0c/zRROpROXWbMRqQM=,1541,51aa19b1-f90a-4b41-aac9-ec59cf7d6938,female
60f058d9fab1dc0032a77d4e,GEoeURdYGlBWN6GA0VlLjIZGT0c/zRROpROXWbMRqQM=,3806,104740cd-0419-4279-8b33-6f5f5e564ad1,female
60f05935fab1dc0032a77d4f,GEoeURdYGlBWN6GA0VlLjIZGT0c/zRROpROXWbMRqQM=,4866,b9c39e87-b211-4f75-a7c2-2c6a48d2e2ee,female
60f059cafab1dc0032a77d50,GEoeURdYGlBWN6GA0VlLjIZGT0c/zRROpROXWbMRqQM=,6591,e982ebec-ed0e-417e-b6e4-269708a87c3f,female
60f059f3fab1dc0032a77d51,GEoeURdYGlBWN6GA0VlLjIZGT0c/zRROpROXWbMRqQM=,5234,51aeb386-b8fe-49b6-98a2-641ca8ecbd31,female
60f05a59fab1dc0032a77d52,GEoeURdYGlBWN6GA0VlLjIZGT0c/zRROpROXWbMRqQM=,3020,fc6ea7e6-f7b4-4de2-92eb-a378af4f2ef3,female
60f05b4cfab1dc0032a77d53,GEoeURdYGlBWN6GA0VlLjIZGT0c/zRROpROXWbMRqQM=,1785,fba34279-efdf-43db-84a0-4dfcbebe9366,female
60f05be4fab1dc0032a77d54,GEoeURdYGlBWN6GA0VlLjIZGT0c/zRROpROXWbMRqQM=,2828,67b266ee-5100-4d0e-b4af-b1737af239bf,female
60f116befab1dc0032a77d55,IfAVqfoMzKX+mzCZ/96ZpCPmRqTRNRnp5WxUpm21PTk=,7874,d1575a2e-ee7d-4fb2-bb1e-50d335db593a,male
60f116d4fab1dc0032a77d56,IfAVqfoMzKX+mzCZ/96ZpCPmRqTRNRnp5WxUpm21PTk=,5783,704e01de-0215-4f12-8190-9331cb01d85d,male
60f1171dfab1dc0032a77d57,IfAVqfoMzKX+mzCZ/96ZpCPmRqTRNRnp5WxUpm21PTk=,9299,498208b5-16a7-4b7b-a839-48476ed6c88d,male
60f11736fab1dc0032a77d58,IfAVqfoMzKX+mzCZ/96ZpCPmRqTRNRnp5WxUpm21PTk=,9148,3f3f162f-0ba7-4593-8efc-9505b307739e,male
60f11785fab1dc0032a77d59,IfAVqfoMzKX+mzCZ/96ZpCPmRqTRNRnp5WxUpm21PTk=,2167,56f19226-4d4a-429c-a426-2db27182b915,male
60f1b587fab1dc0032a77d5a,YKEpcXL7kIMulITntA8nOwtqgnOJS3Jg0YjsG6heyTY=,2357,67b35765-426a-40c9-a452-93c580832779,male
60f1b5d6fab1dc0032a77d5b,YKEpcXL7kIMulITntA8nOwtqgnOJS3Jg0YjsG6heyTY=,7991,528276e9-0dc2-402d-83ae-0494fb77450b,male
60f255d9fab1dc0032a77d5c,lvxzirHWwoEX+CbCvmwSj3zAtVhGgJAREKxbU8AodrQ=,5071,251e318b-3cc0-4e5e-9215-94593703e666,female
60f2564ffab1dc0032a77d5d,Of4SKF/YRi1HVdgV97xv2/OZaAONeRYknKGp0YroVeI=,7681,665f7b24-b0c9-4a83-8317-5b6317311122,female
60f25688fab1dc0032a77d5e,dfDC99yZFp3Vf1UBK9+6686kkrHtGwjbVp8TIw9sTK4=,8481,02d7037d-7f08-4b2e-b7f0-35ee5589b06e,female
60f2b0e5fab1dc0032a77d5f,qIavVG7tYvlD+dQnWKVhj7mJkd2sNAsnoX/lOqP0Apc=,2157,3e9804dd-0f0a-4040-a6e7-02c70908d543,male
60f54fbafab1dc0032a77d60,jTPRqGQawI3MQGhgPDJKu+ztwvm8hgLowvdEqFeQGNU=,6638,ebb8719f-cf99-466c-b59a-2bc7fab3a0dd,female
60f54fecfab1dc0032a77d61,jTPRqGQawI3MQGhgPDJKu+ztwvm8hgLowvdEqFeQGNU=,6035,a89f5cd0-99d5-4494-b512-5be7ab9c4ed6,female
60f55003fab1dc0032a77d62,jTPRqGQawI3MQGhgPDJKu+ztwvm8hgLowvdEqFeQGNU=,6663,2af64120-286f-4eb0-9342-75ad18f72967,female
